{
  "pipeline_version": "improved",
  "enhancements": [
    "refined_simile_detection",
    "enhanced_metaphor_detection",
    "semantic_subcategories"
  ],
  "total_verses_attempted": 959,
  "total_processed": 953,
  "total_figurative_found": 646,
  "total_errors": 6,
  "processing_time": 1578.4814794063568,
  "api_time": 373.00811433792114,
  "verses_per_second": 0.6037448094471206,
  "detection_rate": 0.6778593913955928,
  "error_rate": 0.6256517205422315,
  "output_database": "deuteronomy_improved_20250918_171933.db",
  "completion_time": "2025-09-18T17:45:51.690438"
}