{
  "processing_info": {
    "book": "Genesis",
    "chapters": [
      1,
      2,
      3,
      4,
      5,
      6,
      7,
      8,
      9,
      10,
      11,
      12,
      13,
      14,
      15,
      16,
      17,
      18,
      19,
      20,
      21,
      22,
      23,
      24,
      25,
      26,
      27,
      28,
      29,
      30,
      31,
      32,
      33,
      34,
      35,
      36,
      37,
      38,
      39,
      40,
      41,
      42,
      43,
      44,
      45,
      46,
      47,
      48,
      49,
      50
    ],
    "verse_selection": "all",
    "max_workers": 12,
    "timestamp": "2025-09-26T16:08:21.984426",
    "total_verses": 1533,
    "total_instances": 963,
    "processing_time_seconds": 8471.947872161865,
    "avg_time_per_verse": 5.526384782884453
  },
  "usage_statistics": {
    "total_requests": 1684,
    "primary_success": 1532,
    "content_restriction_fallbacks": 152,
    "server_error_fallbacks": 0,
    "total_fallbacks": 152,
    "primary_success_rate": 0.9097387173396675,
    "content_restriction_rate": 0.09026128266033254,
    "server_error_fallback_rate": 0.0,
    "total_fallback_rate": 0.09026128266033254,
    "total_input_tokens": 2291085,
    "total_output_tokens": 1366449,
    "total_tokens": 3657534,
    "primary_model": "gemini-2.5-flash",
    "fallback_model": "gemini-1.5-flash-latest",
    "restriction_reasons": [],
    "Pro_Model_Fallbacks": 152,
    "Pro_Fallback_Rate": 0.09026128266033254
  },
  "validation_statistics": {
    "total_validations": 738,
    "total_type_validations": 0
  }
}